,BTC Close,BTC % Return,ETH Close,ETH % Return,BNB Close,BNB % Return,XRP Close,XRP % Return,LTC Close,LTC % Return,DOGE Close,DOGE % Return
2021-04-22 00:00:00,55118.17,0.02473691441693937,2571.25,0.0908716791256905,572.4129,0.05294052399717675,1.32371,0.025360775231027644,279.28,0.08378283984632695,0.28834590000000004,-0.05715423619578619
2021-04-21 00:00:00,53787.63,-0.0467411608329642,2357.06,0.011600709003746656,543.6327,-0.07287424950563948,1.2909700000000002,-0.06789842672616075,257.69,-0.011470001534448437,0.30582509999999996,-0.036226465040865796
2021-04-20 00:00:00,56425.0,0.01423360248945138,2330.03,0.0781585474198565,586.3635,0.16334531801738073,1.38501,0.05770361602199392,260.68,-0.0026780931976432276,0.3173205,-0.2239712107761499
2021-04-19 00:00:00,55633.14,-0.009205163097922964,2161.12,-0.033332736934390095,504.0322,0.04693348055933422,1.30945,-0.0699730818128228,261.38,-0.04382499268364071,0.408903,0.2685853841049184
2021-04-18 00:00:00,56150.01,-0.06427036598937519,2235.64,-0.03536416983085955,481.4367,-0.06460131719119677,1.4079700000000002,-0.08511592244112898,273.36,-0.09140464003190851,0.32232990000000006,0.14198846992700176
2021-04-17 00:00:00,60006.66,-0.021653938710161302,2317.6,-0.04336950554553454,514.6861,0.012614842025260753,1.53896,-0.005871903362294373,300.86,-0.024543656583341456,0.28225320000000004,-0.22764181813107032
2021-04-16 00:00:00,61334.8,-0.028897729226640023,2422.67,-0.03634389269860461,508.2743,-0.06202102153529987,1.54805,-0.11933030304754211,308.43,0.07982354794664426,0.36544340000000003,1.0039679776091126
2021-04-15 00:00:00,63159.98,0.003183791238594136,2514.04,0.03347858258653291,541.8824,-0.014791874159800544,1.7578099999999999,-0.0418983146924804,285.63,0.02427741519041815,0.1823599,0.5017338793687707
2021-04-14 00:00:00,62959.53,-0.009681006685017701,2432.6,0.0580247826408431,550.0182,-0.0029475520634495433,1.8346799999999999,0.02147418587948402,278.86,0.042116671026570573,0.1214329,0.28633821317344976
2021-04-13 00:00:00,63575.0,0.062061476779151414,2299.19,0.07554884010310192,551.6442,-0.07552440849028286,1.7961099999999999,0.22314989478558722,267.59,0.09479584322068568,0.094402,0.33460004552246914
2021-04-12 00:00:00,59860.0,-0.002373737196976866,2137.69,-0.006354120184441481,596.7104,0.13458680141274226,1.46843,0.08677600319720558,244.42,-0.03127105544766362,0.07073430000000001,-0.04837481501412588
2021-04-11 00:00:00,60002.43,0.0039033527842884386,2151.36,0.008375947391363603,525.9275,0.11591404579909725,1.3511799999999998,-0.015748834498834685,252.31,-0.015721307638292825,0.07433,0.16657014566040007
2021-04-10 00:00:00,59769.13,0.0279759019815784,2133.49,0.03223231262730608,471.2975,0.0381146258196976,1.3728,0.34957383431149913,256.34,0.15928002894355986,0.06371669999999999,0.034566910979122234
2021-04-09 00:00:00,58142.54,0.0011195381620978662,2066.87,-0.006532209222960383,453.9937,0.084281097326804,1.01721,-0.036723832612051255,221.12,-0.022068904515501364,0.061587800000000005,-0.0031723526231796084
2021-04-08 00:00:00,58077.52,0.03796137682305556,2080.46,0.05958328876937258,418.7048,0.11489964953090603,1.05599,0.15355792969347393,226.11,0.032230084455603825,0.06178380000000001,0.051157852829938344
2021-04-07 00:00:00,55953.45,-0.03513812021317053,1963.47,-0.07041913446106207,375.5538,-0.0689475135163008,0.9154200000000001,-0.16524260689567116,219.05,-0.07589436382045212,0.0587769,-0.08738182151302631
2021-04-06 00:00:00,57991.15,-0.019259938992041037,2112.21,0.0022919454488512514,403.3648,0.0960216701904184,1.09663,0.1974034765897974,237.04,0.07025465053277946,0.06440470000000001,0.07342597901305381
2021-04-05 00:00:00,59129.99,0.015944122891975665,2107.38,0.015267212348664794,368.0263,0.05493466322041085,0.91584,0.44226771653543295,221.48,0.09529696849809599,0.059999199999999996,0.045386040077150636
2021-04-04 00:00:00,58202.01,0.020158297859809826,2075.69,0.03344253480174464,348.8617,0.08359069755306492,0.635,0.09802700973526313,202.21,0.0357527019413002,0.057394299999999995,0.0339210214857153
2021-04-03 00:00:00,57051.94,-0.03219795891468047,2008.52,-0.05866362967441385,321.9497,-0.048311642090352436,0.57831,-0.04728093441623704,195.23,-0.07675210441691105,0.055511300000000006,-0.03600943997471551
2021-04-02 00:00:00,58950.01,0.0039095415497567565,2133.69,0.08416452834023525,338.2932,0.010436407983175577,0.60701,0.06330688247762195,211.46,0.04239376910184367,0.0575849,-0.07346784444337173
2021-04-01 00:00:00,58720.44,-0.00034235294017503914,1968.05,0.025362488733282396,334.7991,0.1072409386570996,0.57087,0.0018426871643677512,202.86,0.031316725978647764,0.062151,0.15586973381017977
2021-03-31 00:00:00,58740.55,-0.00010247406784769097,1919.37,0.04287515077752291,302.3724,-0.02866658828472679,0.56982,0.013734210994484908,196.7,0.004904465106774225,0.05376990000000001,-0.004266642963094536
2021-03-30 00:00:00,58746.57,0.01927805915350378,1840.46,0.013056353688474909,311.2962,0.13075633011513665,0.5621,-0.005801407902649491,195.74,0.010375264543436735,0.0540003,-0.0022854925726110142
2021-03-29 00:00:00,57635.47,0.03330797669244823,1816.74,0.07689936633452077,275.2991,0.02560404848556197,0.56538,0.03640563132424113,193.73,0.051508901432913534,0.054124,0.00854178468143485
2021-03-28 00:00:00,55777.63,-0.0007078470878300047,1687.01,-0.014959448333849212,268.4263,-0.002960738182490874,0.54552,-0.0036528345996493794,184.24,0.0009779419754427643,0.053665599999999994,-0.014152399147623007
2021-03-27 00:00:00,55817.14,0.014385125175395697,1712.63,0.008117303571849144,269.2234,0.05490722364479539,0.54752,-0.028479159642990193,184.06,0.003325156718452016,0.054436,0.00936381672878328
2021-03-26 00:00:00,55025.59,0.07275365551144786,1698.84,0.0713231677324151,255.2105,0.0908921095668842,0.56357,0.10378393199890312,183.45,0.06949221710487952,0.05393099999999999,0.051983770920297934
2021-03-25 00:00:00,51293.78,-0.019307830333064713,1585.74,0.002465483234713961,233.9466,-0.05865438936181511,0.51058,0.06324316444888689,171.53,-0.0256745242828742,0.051266,-0.0045359575608354685
2021-03-24 00:00:00,52303.65,-0.03749000062383956,1581.84,-0.05170015826579066,248.5236,-0.02717010497736283,0.48021,-0.12657329938159323,176.05,-0.05262874670397677,0.0514996,-0.03474205858317758
2021-03-23 00:00:00,54340.89,0.004763766970365069,1668.08,-0.0076681915798616496,255.4646,0.0026177640605720143,0.5498,0.010476015438338315,185.83,0.0008617439543276983,0.05335319999999999,-0.02796239615216456
2021-03-22 00:00:00,54083.25,-0.05698729031956584,1680.97,-0.0572132048592805,254.7976,-0.037232766285296925,0.5441,0.05341619716946422,185.67,-0.04935743177512675,0.054888,-0.04506238028048937
2021-03-21 00:00:00,57351.56,-0.012920663354346829,1782.98,-0.012801063064060592,264.6513,0.0013204576728995665,0.51651,-0.018284454412407558,195.31,-0.024279362541839378,0.0574781,-0.022790409836344394
2021-03-20 00:00:00,58102.28,0.0012453901007425383,1806.1,-0.0016582831242053508,264.3023,0.005200144522410577,0.52613,0.12780004715868887,200.17,0.001050210042008226,0.058818600000000006,0.009809913609581278
2021-03-19 00:00:00,58030.01,0.0066238020432916045,1809.1,0.01859150488716721,262.935,0.005558326092543364,0.46651000000000004,-0.005160684963640527,199.96,0.0013019529293942789,0.0582472,0.01567085451232364
2021-03-18 00:00:00,57648.16,-0.021469126407987926,1776.08,-0.026047664484146527,261.4816,-0.03079436716611761,0.46893,-0.0018518518518517713,199.7,-0.03048839693174099,0.057348500000000004,-0.009388171077178153
2021-03-17 00:00:00,58912.97,0.03536368149804714,1823.58,0.010226466938486167,269.7896,0.04353140307393355,0.4698,0.0207717712497828,205.98,0.02172619047619051,0.057892,-0.012935906988322254
2021-03-16 00:00:00,56900.75,0.023299079942163736,1805.12,0.006490175524678232,258.5352,0.015797927347136254,0.46024,0.056226189929774684,201.6,0.0050351463183608836,0.05865069999999999,0.02951775611691243
2021-03-15 00:00:00,55605.2,-0.05703249762457163,1793.48,-0.029554677777176463,254.5144,-0.033139592308101484,0.43573999999999996,-0.007539004669172122,200.59,-0.062400673085911906,0.0569691,-0.021502550626062766
2021-03-14 00:00:00,58968.31,-0.03628270003508838,1848.1,-0.03862460009883739,263.238,-0.047213320293525984,0.43905,-0.04110336995216979,213.94,-0.053614084756259395,0.058221,-0.0727545501455662
2021-03-13 00:00:00,61188.39,0.06932105501197783,1922.35,0.08847177396523409,276.2822,0.049624249819827604,0.45787,0.0421769017162108,226.06,0.023637022278572672,0.06278919999999999,0.1359811553902348
2021-03-12 00:00:00,57221.72,-0.009544916705265916,1766.1,-0.032687399358082625,263.2201,-0.09243868136445144,0.43933999999999995,-0.02772921415451357,220.84,0.09674215335717107,0.0552731,-0.011720300526027794
2021-03-11 00:00:00,57773.16,0.034404929206133694,1825.78,0.01707963813004154,290.0301,0.041588091789582116,0.45187,-0.02097280901310805,201.36,0.005342253732088631,0.055928599999999995,0.0010631976115640374
2021-03-10 00:00:00,55851.59,0.017620457506217546,1795.12,-0.040304515880695724,278.4499,-0.05032414159094034,0.46155,-0.04815425861002265,200.29,-0.01727098768460822,0.0558692,-0.03526921157555374
2021-03-09 00:00:00,54884.5,0.04791067981259056,1870.51,0.02036352131269159,293.2052,0.21889047182945465,0.4849,0.022736859866700376,203.81,0.062340370080792296,0.057911699999999997,-0.08038422328015804
2021-03-08 00:00:00,52375.17,0.027533290499148988,1833.18,0.06199888770450013,240.5509,0.0018362417225439298,0.47412,0.018342712315821075,191.85,0.005766710353866333,0.06297380000000001,0.21133511967391927
2021-03-07 00:00:00,50971.75,0.04274664397265271,1726.16,0.045935710606840985,240.11,0.060643674789536695,0.46558,0.0058982391703577,190.75,0.043204812687995586,0.0519871,0.020179046602353257
2021-03-06 00:00:00,48882.2,0.0026766240609816805,1650.35,0.07985290942282641,226.3814,0.004035988599884632,0.46285,0.018215016389115046,182.85,0.014536980524884946,0.050958800000000005,0.02887832258194778
2021-03-05 00:00:00,48751.71,0.007806245037374371,1528.31,-0.007094456319068687,225.4714,-0.01813950632498529,0.45457,-0.05486942781104476,180.23,-0.0024353794210438817,0.0495285,-0.009162473867944332
2021-03-04 00:00:00,48374.09,-0.0392314739985824,1539.23,-0.018154099343620222,229.6369,-0.0454470443334396,0.48096000000000005,0.07247023145876996,180.67,-0.03714559795352801,0.0499865,-0.00849158775434089
2021-03-03 00:00:00,50349.37,0.03940326977445596,1567.69,0.054419618235381106,240.5701,0.0036965322272106693,0.44846,0.02928620610511823,187.64,0.047799865981684064,0.0504146,0.0010046858867445163
2021-03-02 00:00:00,48440.65,-0.02311854531315949,1486.78,-0.05292191660402834,239.6841,-0.05992853100264861,0.4357,-0.021712284168219687,179.08,0.018136335209506083,0.050364,-0.004532220669535514
2021-03-01 00:00:00,49587.03,0.09862202081458427,1569.86,0.10617398779576925,254.9637,0.2128780317942971,0.44537,0.07150246601708155,175.89,0.0645805592543276,0.05059330000000001,0.05056459751402698
2021-02-28 00:00:00,45135.66,-0.021054980834560366,1419.18,-0.026712295885826354,210.2138,-0.06731361805761071,0.41565,-0.04643373328133227,165.22,-0.03807638565440141,0.0481582,-0.03823056567976435
2021-02-27 00:00:00,46106.43,-0.0036830494370082567,1458.13,0.009372901653756482,225.3853,0.016544964977877052,0.43588999999999994,0.018720201925773283,171.76,0.008869309838472672,0.0500725,-0.008009620261189343
2021-02-26 00:00:00,46276.87,-0.016927912871998907,1444.59,-0.02507845453011648,221.717,-0.05618041620231351,0.42788000000000004,-0.018646361321987936,170.25,-0.05079170383586096,0.0504768,0.01127944576449802
2021-02-25 00:00:00,47073.73,-0.05238866902057715,1481.75,-0.08724952106394646,234.9146,-0.07697669520827821,0.43601,-0.06954758856167309,179.36,-0.011409358981425255,0.0499138,-0.12109820024616524
2021-02-24 00:00:00,49676.2,0.016060215581599868,1623.39,0.02883597715937114,254.5056,0.10001962270805476,0.4686,-0.015111708947224578,181.43,0.02306304274275406,0.0567911,0.19168334865138226
2021-02-23 00:00:00,48891.0,-0.09607864417158285,1577.89,-0.11233812261614096,231.3646,-0.1351331347398853,0.47579,-0.16006425872965446,177.34,-0.14871351766513052,0.047656199999999996,-0.11015634190198254
2021-02-22 00:00:00,54087.67,-0.05784676399359889,1777.58,-0.0806555884832405,267.5147,-0.09396812365520935,0.5664600000000001,0.039986781229345736,208.32,-0.08281600845330872,0.053555700000000005,-0.04396063429272212
2021-02-21 00:00:00,57408.57,0.02806852790923675,1933.53,0.010731834814427632,295.2597,0.16703438735177878,0.54468,0.06451423769226272,227.13,0.0021178027796160404,0.0560183,0.034105089826991675
2021-02-20 00:00:00,55841.19,-0.0011592673416090937,1913.0,-0.02148337595907923,253.0,-0.2404934091038723,0.51167,-0.09382803506597015,226.65,-0.04164904862579277,0.054170800000000005,-0.015666963458288663
2021-02-19 00:00:00,55906.0,0.08444578934913083,1955.0,0.007934584787663512,333.111,0.703021472392638,0.56465,0.06129238403127579,236.5,0.0437353810847787,0.055033000000000006,-0.06405030008962709
2021-02-18 00:00:00,51552.6,-0.01088091242257494,1939.61,0.048505849028045,195.6,0.18313631532881325,0.53204,-0.004918921951858168,226.59,-0.045896669333445606,0.0587991,0.1874120281832925
2021-02-17 00:00:00,52119.71,0.060778553103842725,1849.88,0.03809785689033052,165.3233,0.26993002158499957,0.53467,0.028310414462929145,237.49,0.1295063255017599,0.0495187,-0.07400142119829456
2021-02-16 00:00:00,49133.45,0.025512876974229215,1781.99,0.0015399747084445803,130.183,-0.0009209304467280299,0.51995,-0.054223661233993026,210.26,0.011692248472308986,0.053475999999999996,-0.053522123893805396
2021-02-15 00:00:00,47911.1,-0.013724173125208128,1779.25,-0.011758367492029631,130.303,-0.0409186360013043,0.54976,-0.07152387225346646,207.83,-0.026511780411260455,0.0565,-0.09857159495391554
2021-02-14 00:00:00,48577.79,0.03020124193885998,1800.42,-0.008011195839026763,135.8623,0.018842951159958377,0.59211,-0.06473013315642306,213.49,-0.05434975194897229,0.0626783,-0.05377676798937192
2021-02-13 00:00:00,47153.69,-0.0028318206041328953,1814.96,-0.01374805733972373,133.3496,-0.02389434750051045,0.6330899999999999,0.03955665024630539,225.76,0.14779602420051852,0.0662405,-0.0505536245386462
2021-02-12 00:00:00,47287.6,-0.014215488129855847,1840.26,0.03060001568082793,136.6139,0.10097030261514295,0.609,0.1532780365867512,196.69,0.07117961006426321,0.0697675,0.0026515097078307903
2021-02-11 00:00:00,47969.51,0.07056685498301851,1785.62,0.025758567998253712,124.085,-0.03788523165267266,0.5280600000000001,0.04713557675147251,183.62,0.011346111478299115,0.069583,-0.04093162625236546
2021-02-10 00:00:00,44807.58,-0.03474419231881132,1740.78,-0.016024825761815187,128.9711,0.20144224006468758,0.50429,0.05863212696280118,181.56,0.0003856961816077753,0.0725527,0.036288013072026004
2021-02-09 00:00:00,46420.42,0.0009822129959609072,1769.13,0.010844784732737311,107.3469,0.34456908666865416,0.47636000000000006,0.05625401893611848,181.49,0.08494739359158299,0.07001210000000001,-0.1103926302414231
2021-02-08 00:00:00,46374.87,0.1953613919484356,1750.15,0.08595698737915902,79.8374,0.16799552917011673,0.45098999999999995,0.0776601591435877,167.28,0.10957813743698597,0.0787,0.009949348537755087
2021-02-07 00:00:00,38795.69,-0.009984193713517775,1611.62,-0.03861365466638833,68.3542,-0.06152760463289919,0.41849,-0.05547656126571421,150.76,-0.03091855756251205,0.0779247,0.3515477167124268
2021-02-06 00:00:00,39186.94,0.023418500380253615,1676.35,-0.02491871171889093,72.8356,0.07585025221379449,0.44306999999999996,-0.020168513235586882,155.57,0.0033537568526280648,0.057655899999999996,0.2340916922984717
2021-02-05 00:00:00,38290.24,0.03664597719447271,1719.19,0.07740948943077197,67.7005,0.20980380593961057,0.45219,0.015130766640475857,155.05,0.06879437512924813,0.046719300000000005,-0.11697263746004849
2021-02-04 00:00:00,36936.66,-0.018134781826248392,1595.67,-0.04134599787322235,55.9599,0.07367421335379887,0.44545,0.121447093477002,145.07,-0.0696466363111653,0.0529081,0.4199819107507574
2021-02-03 00:00:00,37618.87,0.06069518505485805,1664.49,0.10094783281631359,52.12,0.02181853114566401,0.39721,0.06622107693133628,155.93,0.09825327510917048,0.0372597,0.18854888050298402
2021-02-02 00:00:00,35466.24,0.057861021041049066,1511.87,0.10020594249619763,51.0071,-0.009149521835498886,0.37254,0.003988573276558993,141.98,0.07560606060606045,0.031348900000000006,-0.09961714435065316
2021-02-01 00:00:00,33526.37,0.013096130961913977,1374.17,0.04694678297969612,51.4781,0.16126841901049405,0.37106,-0.2504898297210495,132.0,0.020408163265305923,0.0348173,-0.05899189189189191
2021-01-31 00:00:00,33092.98,-0.03414482378597461,1312.55,-0.04753093138855624,44.3292,-0.010175304622763504,0.49506999999999995,0.11572613359776418,129.36,-0.029994001199760034,0.037000000000000005,0.3092710544939845
2021-01-30 00:00:00,34262.88,0.00031180478918146903,1378.05,-0.0010511054729974711,44.7849,0.04486745773625933,0.44372,0.568469423824673,133.36,-0.009580393613070837,0.028260000000000004,-0.3843928558202757
2021-01-29 00:00:00,34252.2,0.0265950464051099,1379.5,0.037459859064894685,42.8618,0.007910566390910034,0.2829,0.07130685045631835,134.65,0.010354918586328532,0.0459059,0.2577131193577995
2021-01-28 00:00:00,33364.86,0.09875173507342883,1329.69,0.07317014115880971,42.5254,0.04018335428764308,0.26406999999999997,0.05463476975917558,133.27,0.08845148644233913,0.0364995,3.9241136474016516
2021-01-27 00:00:00,30366.15,-0.06472942243954538,1239.03,-0.09293029861563584,40.8826,-0.0228730676201494,0.25039,-0.06689274800626077,122.44,-0.09081458379743068,0.0074123999999999995,-0.1012222330002912
2021-01-26 00:00:00,32467.77,0.0066214632512975324,1365.97,0.036490424014326006,41.8396,0.00011712764762261685,0.26834,0.002877751616399582,134.67,-0.01750930181659005,0.008247200000000001,-0.012417823228633829
2021-01-25 00:00:00,32254.2,-0.00017668994634212343,1317.88,-0.05359387006197436,41.8347,0.00020083057788977676,0.26757,-0.021288269505102764,137.07,-0.027941280760229725,0.0083509,-0.0416135881104035
2021-01-24 00:00:00,32259.9,0.005670553026996705,1392.51,0.1288180933852141,41.8263,0.022375454952103357,0.27339,0.0063312106599922036,141.01,0.024260913779327486,0.0087135,0.015808064910992403
2021-01-23 00:00:00,32078.0,-0.026321612545936124,1233.6,0.00079505443689043,40.9109,0.0004230490834751244,0.27166999999999997,-0.00183708711467101,137.67,7.26427429900145e-05,0.0085779,0.00827505142521301
2021-01-22 00:00:00,32945.17,0.06791024867642359,1232.62,0.10950889320947632,40.8936,0.05847912347318296,0.27216999999999997,0.015483919110514055,137.66,0.06120875732346587,0.0085075,0.042828599796521205
2021-01-21 00:00:00,30850.13,-0.13020384721763678,1110.96,-0.19319675524150504,38.6343,-0.09323841912929598,0.26802,-0.09265716510376121,129.72,-0.13340904536041154,0.0081581,-0.09842297788632637
2021-01-20 00:00:00,35468.23,-0.011792767589197228,1376.99,0.008517900041014936,42.6069,0.0019471311562151428,0.29539,0.004864607429582168,149.69,-0.014289477150006724,0.009048700000000002,0.0006524527801126112
2021-01-19 00:00:00,35891.49,-0.02019531400358221,1365.36,0.08495371290079046,42.5241,-0.06213113018623251,0.29396,0.030426247896802927,151.86,-0.0006580679126085842,0.0090428,-0.01475234795493674
2021-01-18 00:00:00,36631.27,0.02240276695076915,1258.45,0.02109619051482814,45.3412,-0.011474355480460052,0.28528000000000003,0.028184242773733326,151.96,0.06414565826330532,0.009178200000000001,0.008737511952256805
2021-01-17 00:00:00,35828.61,-0.004622033405769388,1232.45,0.0037627358836322955,45.8675,0.06317509619396411,0.27746,-0.006374444921930955,142.8,-0.0050167224080267525,0.009098700000000001,-0.015015047524194913
2021-01-16 00:00:00,35994.98,-0.020337366658846334,1227.83,0.05074752038886454,43.141999999999996,0.05567355408302088,0.27924,-0.0023936265228109432,143.52,-0.0009049773755656076,0.0092374,-0.012306869820903454
2021-01-15 00:00:00,36742.22,-0.06136954105940806,1168.53,-0.05122521556973736,40.8668,-0.024013488630908908,0.27991,-0.05569799608663373,143.65,-0.058032786885245824,0.0093525,-0.004067854366554324
2021-01-14 00:00:00,39144.5,0.04744593322483692,1231.62,0.09003531317207858,41.8723,0.04390023783762231,0.29641999999999996,-0.03073703485710555,152.5,0.034740127561405876,0.009390700000000002,0.08265120247181179
2021-01-13 00:00:00,37371.38,0.09750423185763579,1129.89,0.07592176430258246,40.1114,0.04855165851503496,0.30582,0.04539550146988436,147.38,0.10463198920701555,0.0086738,0.07339710668630195
2021-01-12 00:00:00,34051.24,-0.03822200981966406,1050.16,-0.03390033210366039,38.2541,0.0022715720745976054,0.29254,0.01777824165883879,133.42,-0.03924533736588187,0.0080807,-0.085127821932387
2021-01-11 00:00:00,35404.47,-0.07196719687171849,1087.01,-0.13333864859477773,38.1674,-0.09989128153366145,0.28743,-0.08726302753167559,138.87,-0.18345387193508544,0.008832600000000001,-0.10054989816700599
2021-01-10 00:00:00,38150.02,-0.04834836767509265,1254.25,-0.017045454545454586,42.4031,-0.03295026671744827,0.31490999999999997,-0.02862518893241639,170.07,-0.040561886494414945,0.00982,-0.035259212685064045
2021-01-09 00:00:00,40088.22,-0.012187179744330034,1276.0,0.048540178974961545,43.8479,0.035222872792520565,0.32419000000000003,0.01208166833166846,177.26,0.029444218595737315,0.0101789,0.045061601642710336
2021-01-08 00:00:00,40582.81,0.029177364331963496,1216.93,-0.006482320572795297,42.356,-0.027925678404876364,0.32032,-0.011022260644045878,172.19,0.016770002952465335,0.00974,-0.0004002504130788953
2021-01-07 00:00:00,39432.28,0.0724222559217782,1224.87,0.013612816735902866,43.5728,0.031511515871756934,0.32389,0.3031705158123441,169.35,0.0025455837082644095,0.0097439,-0.06488483685220736
2021-01-06 00:00:00,36769.36,0.08305947092640165,1208.42,0.0990032376587,42.2417,0.010037803160545034,0.24854,0.1010499269038232,168.92,0.06621220728397392,0.01042,0.04513540621865597
2021-01-05 00:00:00,33949.53,0.061297251436522426,1099.56,0.055817481731849306,41.8219,0.016740694279330892,0.22573000000000001,-0.042096329301930746,158.43,0.01989185013518746,0.00997,0.02138034892893348
2021-01-04 00:00:00,31988.71,-0.03064662023239373,1041.43,0.06455207098172311,41.1333,-0.0030103617524086523,0.23565,0.04547471162377992,155.34,-0.036591416521954856,0.0097613,-0.006068690242238439
2021-01-03 00:00:00,33000.05,0.025536440206810118,978.28,0.26301384011567874,41.2575,0.07910423167360214,0.2254,0.021573604060913576,161.24,0.1772780373831775,0.0098209,-0.06702196382428938
2021-01-02 00:00:00,32178.33,0.09704998245924479,774.56,0.06262775925697261,38.2331,0.012094916905353026,0.22064,-0.07083298239703528,136.96,0.08491761723700897,0.0105264,0.8532394366197185
2021-01-01 00:00:00,29331.69,0.014108187665241134,728.91,-0.010197984845604413,37.7762,0.01117273574097677,0.23746,0.08137893346691549,126.24,0.01634328959021003,0.005679999999999999,0.21603973538290266
2020-12-31 00:00:00,28923.63,0.0016654233998740775,736.42,-0.020939415291755803,37.3588,-0.02088804323326987,0.21959,0.03884000378465324,124.21,-0.044905805459438786,0.0046708999999999995,0.009902488594841108
2020-12-30 00:00:00,28875.54,0.05442906700748584,752.17,0.027554644808743145,38.1558,-0.023316533006371154,0.21138,-0.04534369072351174,130.05,0.009704968944099335,0.0046251,0.027525993068514998
2020-12-29 00:00:00,27385.0,0.011284957833276321,732.0,0.0021768595720212947,39.0667,0.08666518316597571,0.22141999999999998,-0.10879452606158191,128.8,-0.007933451436493932,0.0045012,-0.021797240030424714
2020-12-28 00:00:00,27079.41,0.03035386653658856,730.41,0.06612076892761731,35.951,0.06761893448951706,0.24845,-0.12539162882388144,129.83,0.015248670628714489,0.0046015,0.011985924785572921
2020-12-27 00:00:00,26281.66,-0.007991804748278653,685.11,0.07478350903614461,33.674,0.0011267655881628258,0.28407,-0.036430243207489665,127.88,-0.013347735514235182,0.004547,0.007511466619396945
2020-12-26 00:00:00,26493.39,0.07206564135434457,637.44,0.016942662965444555,33.6361,0.013147748768057577,0.29481,-0.0719906824477462,129.61,0.014321490061042441,0.0045131,-0.009176930338755995
2020-12-25 00:00:00,24712.47,0.04143713230955948,626.82,0.023697146870049757,33.1996,0.021856292032810476,0.31768,-0.06186693441219038,127.78,0.149824529829929,0.0045549,-0.003979794887494337
2020-12-24 00:00:00,23729.2,0.021368102627496777,612.31,0.04568276521620329,32.4895,0.04185439467937391,0.33863000000000004,0.29992322456813825,111.13,0.08472425573450448,0.0045731,0.2211541029132955
2020-12-23 00:00:00,23232.76,-0.024275969003968445,585.56,-0.0799591484012886,31.1843,-0.06954477235634082,0.2605,-0.41646879620088706,102.45,-0.10383135059482151,0.0037449,-0.17073008702584203
2020-12-22 00:00:00,23810.79,0.04802350029995983,636.45,0.04751637644425433,33.5151,0.04571294851794061,0.44642,-0.13223831276120124,114.32,0.09449497367161319,0.0045159,-0.05493470617780005
2020-12-21 00:00:00,22719.71,-0.03137044073207507,607.58,-0.047948854555141085,32.05,-0.06600067609311433,0.51445,-0.07449717554779989,104.45,-0.0884098446500261,0.0047783999999999995,0.030249455596041308
2020-12-20 00:00:00,23455.52,-0.015367978906547508,638.18,-0.030165797911949288,34.3148,0.02995794901655935,0.55586,-0.036069781153539426,114.58,-0.04397163120567371,0.0046381,0.18044844875416777
2020-12-19 00:00:00,23821.61,0.030908726602182357,658.03,0.006392903571155406,33.3167,0.07514150547627807,0.5766600000000001,-0.011502134151567422,119.85,0.09612218767148328,0.0039291,0.015927601809954783
2020-12-18 00:00:00,23107.39,0.013608274013078736,653.85,0.017348685234168215,30.9882,0.025233660319928575,0.5833699999999999,0.011215115271277387,109.34,0.08246708246708234,0.0038675,0.03909188608275116
2020-12-17 00:00:00,22797.16,0.06850735299631783,642.7,0.0086631721020749,30.2255,-0.010871237036818915,0.5769,0.013153966386259208,101.01,0.08683021304067151,0.003722,0.08884533247520698
2020-12-16 00:00:00,21335.52,0.098272816981813,637.18,0.0824612666485458,30.5577,0.035668168091834485,0.5694100000000001,0.21687004466480042,92.94,0.1428922774225283,0.0034183,0.06562129808591544
2020-12-15 00:00:00,19426.43,0.007953556088940328,588.64,0.004008255300278041,29.5053,-0.01759684089259439,0.46793,-0.05924809006835541,81.32,-0.012507589556769894,0.0032078000000000002,-0.005641661500309869
2020-12-14 00:00:00,19273.14,0.005118646737234167,586.29,-0.007465718638903107,30.0338,0.030068148066851652,0.4974,-0.031636328239073364,82.35,0.0008507535245503295,0.0032259999999999997,-0.010429447852760898
2020-12-13 00:00:00,19174.99,0.019475040526480303,590.7,0.039891556932610595,29.1571,0.03539735017027512,0.51365,0.013956334636187728,82.28,0.07317073170731714,0.0032600000000000003,0.031351830174950246
2020-12-12 00:00:00,18808.69,0.04281089544385752,568.04,0.043366456661095176,28.1603,0.02993208226202282,0.50658,-0.07802347802347798,76.67,0.061911357340720174,0.0031609000000000003,0.028537029806065428
2020-12-11 00:00:00,18036.53,-0.011947653828097482,544.43,-0.026046977584572306,27.3419,-0.012664032990762908,0.54945,-0.04054691183404058,72.2,-0.03346720214190091,0.0030732,-0.010018361627420203
2020-12-10 00:00:00,18254.63,-0.015460097684733665,558.99,-0.024603465424278936,27.6926,-0.016080894788454203,0.57267,-0.01712863640264306,74.7,-0.03500839684795243,0.0031043000000000004,-0.016443824852670708
2020-12-09 00:00:00,18541.28,0.01185159879524833,573.09,0.03270623851227161,28.1452,0.01715545436475674,0.58265,0.04249418500626234,77.41,0.008467952058363704,0.0031561999999999996,-0.0050751820445735785
2020-12-08 00:00:00,18324.11,-0.04397111687335986,554.94,-0.06145988364226751,27.6705,-0.057865168539325884,0.5589,-0.08102864283600264,76.76,-0.07928511454959819,0.0031723000000000003,-0.04907074340527573
2020-12-07 00:00:00,19166.9,-0.009943489984193699,591.28,-0.017056222362602624,29.37,-0.004494519127127727,0.60818,-0.020754504323184153,83.37,-0.0021543985637342278,0.003336,-0.014679386832855745
2020-12-06 00:00:00,19359.4,0.011058270305614348,601.54,0.007942359249329733,29.5026,-0.007582077502691131,0.62107,0.06134969325153383,83.55,0.004931440942987697,0.0033856999999999997,-0.0017690243830528196
2020-12-05 00:00:00,19147.66,0.026655557056854073,596.8,0.052111980819406156,29.728,0.024287550261688162,0.58517,0.05689309516498997,83.14,0.04552313883299797,0.0033917,0.03310996040207126
2020-12-04 00:00:00,18650.52,-0.03971702047688441,567.24,-0.07893155800925555,29.0231,-0.05482226890072128,0.55367,-0.1217999555879834,79.52,-0.10651685393258437,0.003283,-0.04257801108194803
2020-12-03 00:00:00,19421.9,0.011341854781976135,615.85,0.031764646752332926,30.7065,0.01383408997111002,0.63046,0.0011751254525822485,89.0,0.0011248593925758943,0.0034289999999999998,0.019807280513918446
2020-12-02 00:00:00,19204.09,0.023401595313818913,596.89,0.019871510098075973,30.2875,0.0029106345779414955,0.62972,0.030840754321634245,88.9,0.044898918664786125,0.0033624,0.01243563879437537
2020-12-01 00:00:00,18764.96,-0.047264223413334916,585.26,-0.05091946939966918,30.1996,-0.04108466826488011,0.61088,-0.08023548187963914,85.08,-0.02932116371933835,0.0033211,-0.06736871665262567
2020-11-30 00:00:00,19695.87,0.08308390601259585,616.66,0.07003296893978828,31.4935,0.04613928150276525,0.6641699999999999,0.0970219513403694,87.65,0.11075909263718176,0.003561,0.03622872108249653
2020-11-29 00:00:00,18184.99,0.02624965786956457,576.3,0.07214615270129476,30.1045,0.03180288313237334,0.60543,-0.03253487591684101,78.91,0.08541953232462163,0.0034365000000000003,0.012372956252761913
2020-11-28 00:00:00,17719.85,0.033859174585985974,537.52,0.0363229737024755,29.1766,0.02515758627716913,0.62579,0.11291125733594165,72.7,0.05133767172812731,0.0033945,0.0364252564728873
2020-11-27 00:00:00,17139.52,-0.000580192857272066,518.68,-0.0022122617009409096,28.4606,0.007968663672810239,0.5623,0.04801133186714868,69.15,-0.02605633802816898,0.0032751999999999994,0.00800196971562217
2020-11-26 00:00:00,17149.47,-0.08385227716488652,519.83,-0.08721685689201042,28.2356,-0.09776867452940219,0.53654,-0.14864650439529048,71.0,-0.13149847094801226,0.0032492,-0.1237561015075106
2020-11-25 00:00:00,18719.11,-0.023011470244535204,569.5,-0.05863100649618991,31.2953,-0.07794182206024036,0.63022,-0.0919020172910664,81.75,-0.08403361344537819,0.0037080999999999998,-0.12939049586776852
2020-11-24 00:00:00,19160.01,0.043119011324041834,604.97,-0.005931841335568011,33.9407,0.09503790934021605,0.6940000000000001,0.12700758375420218,89.25,0.0024710771650005015,0.0042591999999999994,0.15597774460578084
2020-11-23 00:00:00,18368.0,-0.0025213921907981662,608.58,0.08669178436869474,30.995,0.032388933669968534,0.61579,0.38035462105758633,89.03,0.07433329310968984,0.0036845,0.10264851114768825
2020-11-22 00:00:00,18414.43,-0.015471187673093079,560.03,0.013904227392051993,30.0226,-0.01617179128394519,0.44611000000000006,-0.03612557526521609,82.87,-0.049001606610052706,0.0033415,-0.04887282249800751
2020-11-21 00:00:00,18703.8,0.0025799127021437496,552.35,0.08278444287618614,30.5161,0.05331446421483199,0.46283,0.40289775999515043,87.14,0.055858475705804045,0.0035131999999999997,0.17616337462336773
2020-11-20 00:00:00,18655.67,0.04790533185192003,510.12,0.08248275862068977,28.9715,0.029596250004442215,0.32991,0.08673166875288207,82.53,0.012265423770391193,0.002987,0.02759047750103205
2020-11-19 00:00:00,17802.82,0.0015020150629045936,471.25,-0.014966242344432668,28.1387,0.0016231743737786797,0.30358,0.03487301857849001,81.53,0.11046036502315437,0.0029068,-0.0005844937252879046
2020-11-18 00:00:00,17776.12,0.006610651110061427,478.41,-0.0077569221196721605,28.0931,-0.01618269176892473,0.29335,-0.030151750586834947,73.42,-0.03799790356394117,0.0029085,-0.010646982787944848
2020-11-17 00:00:00,17659.38,0.05658934626175016,482.15,0.04690044511996527,28.5552,0.02183209220936755,0.30246999999999996,0.04976920140214469,76.32,0.03358613217768136,0.0029398000000000002,0.0172318339100348
2020-11-16 00:00:00,16713.57,0.04741304756533182,460.55,0.027829851812176454,27.9451,0.009628377157804291,0.28813,0.06896935519774439,73.84,0.18561335902376364,0.0028899999999999998,0.04264376939173076
2020-11-15 00:00:00,15957.0,-0.007059540958716193,448.08,-0.027794050641150814,27.6786,-0.009040102251612003,0.26954,0.004846406203399711,62.28,-0.024588880187940476,0.0027718000000000005,0.0010473473220413698
2020-11-14 00:00:00,16070.45,-0.015333288400620093,460.89,-0.032617593350544705,27.9311,-0.009444133147027634,0.26824000000000003,0.008800300864986843,63.85,-0.031989084293511105,0.0027689,-0.015117023546987296
2020-11-13 00:00:00,16320.7,0.0017702091719422608,476.43,0.030363978459741814,28.1974,0.018419931087787056,0.2659,0.0431541781090623,65.96,0.08629776021080371,0.0028114,0.011731682740751426
2020-11-12 00:00:00,16291.86,0.03874079968171884,462.39,-0.0015115852210153546,27.6874,-0.011729011993146687,0.2549,-0.0035573277041552887,60.72,0.024464315842753326,0.0027788,0.00754169688179851
2020-11-11 00:00:00,15684.24,0.025300692086988485,463.09,0.028311942088200093,28.016,-0.007186698229549204,0.25581,0.007919621749408856,59.27,0.023131365441049656,0.002758,-0.0010865628395508864
2020-11-10 00:00:00,15297.21,-0.002035436160697679,450.34,0.013548793662225389,28.2188,0.004438654379389284,0.2538,0.012809768945289068,57.93,-0.021948336991389428,0.002761,0.03330838323353302
2020-11-09 00:00:00,15328.41,-0.009479098681107079,444.32,-0.02196786264582884,28.0941,-0.011122804917969242,0.25059000000000003,-0.012414282336249638,59.23,-0.029334644378892216,0.002672,-0.012929442186922935
2020-11-08 00:00:00,15475.1,0.04432357287948019,454.3,0.043863881804186544,28.4101,0.02323060244695685,0.25374,0.018627057406664038,61.02,0.03599320882852308,0.002707,0.013857677902621823
2020-11-07 00:00:00,14818.3,-0.048884718278399464,435.21,-0.04540369809830902,27.7651,-0.044016733520409135,0.2491,-0.036848006805088485,58.9,-0.06803797468354433,0.00267,-0.03155603917301408
2020-11-06 00:00:00,15579.92,-0.0006478503555480408,455.91,0.0941227291271689,29.0435,0.04897516930022583,0.25863,0.05301087089287915,63.2,0.07209499575911793,0.002757,0.04641894712870531
2020-11-05 00:00:00,15590.02,0.1022347976281126,416.69,0.03528037963676112,27.6875,0.026984421364985023,0.24561,0.03379914134186368,58.95,0.0782879092738249,0.0026347,0.03483896307933998
2020-11-04 00:00:00,14144.01,0.008591274807412841,402.49,0.03766628854284826,26.96,0.00358102725600995,0.23758,-0.00843071786310512,54.67,0.013157894736842035,0.002546,0.012688437214112502
2020-11-03 00:00:00,14023.53,0.034994985006682855,387.88,0.012688632447391823,26.8638,-0.03361716363950318,0.2396,0.018577562385750035,53.96,0.0029739776951673846,0.0025141,-0.000834591844845245
2020-11-02 00:00:00,13549.37,-0.015414744032263838,383.02,-0.03441147553381918,27.7983,-0.025708157214055838,0.23523000000000002,-0.019834159756656478,53.8,-0.03237410071942448,0.0025161999999999997,-0.022645173820159403
2020-11-01 00:00:00,13761.5,-0.002139076209121904,396.67,0.026419293070434335,28.5318,0.0009120950824041962,0.23999,0.001293391188250892,55.6,-0.002153625269203152,0.0025745,0.003078002026026594
2020-10-31 00:00:00,13791.0,0.017027898024350785,386.46,0.010379356323040989,28.5058,0.0005229740022252294,0.23968000000000003,0.002635431918008857,55.72,0.03166080355489731,0.0025666,-0.006464599543219984
2020-10-30 00:00:00,13560.1,0.007758793671083675,382.49,-0.011985637899413648,28.4909,-0.04617645680310145,0.23905,-0.013779446346796509,54.01,-0.01567340987789323,0.0025833,0.0038860607002682013
2020-10-29 00:00:00,13455.7,0.014269131037809801,387.13,-0.00283337197022393,29.8702,-0.015283281356111011,0.24239000000000002,-0.01226568867155653,54.87,-0.016137708445400856,0.0025733,-0.0026355567613656206
2020-10-28 00:00:00,13266.4,-0.027116851725961233,388.23,-0.03772462510843966,30.3338,-0.03648999764949534,0.2454,-0.02900328413722153,55.77,-0.03695389397340687,0.0025800999999999997,-0.03374279080218712
2020-10-27 00:00:00,13636.17,0.04474191687371998,403.45,0.027845714868032223,31.4826,0.014040139531737772,0.25273,0.01866182990729559,57.91,0.01918338613164372,0.0026701999999999997,0.0019512195121951237
2020-10-26 00:00:00,13052.19,0.0017929468724360298,392.52,-0.032868476814665204,31.0467,0.030493228890069002,0.2481,-0.0198712124204955,56.82,-0.03433038749150241,0.002665,0.004598914354643879
2020-10-25 00:00:00,13028.83,-0.006322582908586449,405.86,-0.01523754064152949,30.128,-0.017476576691158097,0.25313,-0.011982825917251971,58.84,-0.006584501097416706,0.0026528000000000003,0.00618243883937053
2020-10-24 00:00:00,13111.73,0.01459869829692173,412.14,0.007406321038351482,30.6639,0.000855155576299893,0.2562,0.005849789957206308,59.23,0.06874774449657162,0.0026365,-0.0021950573364115655
2020-10-23 00:00:00,12923.07,-0.003504640467840603,409.11,-0.01176385332624763,30.6377,-6.201125341065428e-05,0.25471,-0.009257458477575975,55.42,0.01968721251149952,0.0026423,-0.0013983371126227162
2020-10-22 00:00:00,12968.52,0.014674953994066264,413.98,0.06045391669655209,30.6396,0.030494839050345002,0.25709,0.024752869897959107,54.35,0.025858814647036654,0.002646,0.008768585589020272
2020-10-21 00:00:00,12780.96,0.07312936450828245,390.38,0.05931835449907741,29.7329,0.03157927605671906,0.25088,0.0314941205492969,52.98,0.13011945392491464,0.002623,0.011023743447425183
2020-10-20 00:00:00,11909.99,0.013489376222719507,368.52,-0.028420775112048546,28.8227,-0.0363749427462412,0.24322,-0.009609903086570726,46.88,-0.023129818712231742,0.0025944,0.0008873114463177068
2020-10-19 00:00:00,11751.47,0.021588018575797507,379.3,0.003147232286900614,29.9107,-0.024416734889576852,0.24558000000000002,0.013913546096362861,47.99,0.009465713083719018,0.0025921,0.0018164953234907077
2020-10-18 00:00:00,11503.14,0.012582524955546459,378.11,0.026580147697654377,30.6593,0.013818804684968322,0.24220999999999998,0.006817142619611749,47.54,0.01299808225015986,0.0025874,0.0015483471394286408
2020-10-17 00:00:00,11360.2,0.003611524367188146,368.32,0.0077154582763336865,30.2414,0.006315803484672866,0.24056999999999998,0.0019157885968930088,46.93,-0.014075630252100901,0.0025834,-0.007910906298003062
2020-10-16 00:00:00,11319.32,-0.01614933177576605,365.5,-0.03214701832432998,30.0516,-0.04066961207446951,0.24011,-0.02378435517970401,47.6,-0.03896628306077121,0.002604,0.003352213616922617
2020-10-15 00:00:00,11505.12,0.007639765315658353,377.64,-0.002772716469935821,31.3256,0.015811660937804062,0.24595999999999998,-0.01244679996787934,49.53,-0.005221932114882422,0.0025953000000000005,-0.016559302766199102
2020-10-14 00:00:00,11417.89,-0.00023378888600911196,378.69,-0.006167331513751928,30.838,0.0036581873096050987,0.24906,-0.029005847953216368,49.79,-0.0020044097013429685,0.002639,0.00018950161076358718
2020-10-13 00:00:00,11420.56,-0.009341400472751782,381.04,-0.014152285839952317,30.7256,0.002456745937233773,0.2565,0.0018357223762839325,49.89,-0.013641755634638097,0.0026385000000000002,-0.010686164229471218
2020-10-12 00:00:00,11528.25,0.014005604704715013,386.51,0.03300726961727585,30.6503,0.07442747422626206,0.25603000000000004,0.0023097400563734105,50.58,0.001980982567353351,0.002667,-0.0011610052057974274
2020-10-11 00:00:00,11369.02,0.006711991796848116,374.16,0.009824031091439256,28.5271,0.0030132131329680956,0.25544,0.0055901110148808275,50.48,0.03273322422258573,0.0026701,0.0030051463130611467
2020-10-10 00:00:00,11293.22,0.021951669767542814,370.52,0.015067667525067163,28.4414,0.001189822441881816,0.25401999999999997,0.00430949274502801,48.88,0.023022185014650587,0.0026620999999999997,0.002447657779786061
2020-10-09 00:00:00,11050.64,0.011447457661247773,365.02,0.04009118107992582,28.4076,0.023977738047176844,0.25293000000000004,0.006045901117696539,47.78,0.012073713196356639,0.0026555999999999997,0.017549237489462577
2020-10-08 00:00:00,10925.57,0.024298755248964188,350.95,0.027431348439604264,27.7424,0.0018996164652687053,0.25140999999999997,0.010896662645757837,47.21,0.014178302900107465,0.0026098000000000002,0.007839351226105684
2020-10-07 00:00:00,10666.39,0.006295484949517149,341.58,0.0024358033749083408,27.6898,0.00031068017282498417,0.2487,0.013240985944184214,46.55,0.0121765601217656,0.0025895,-0.0028879476318829367
2020-10-06 00:00:00,10599.66,-0.0178415727640584,340.75,-0.036395000282789414,27.6812,-0.032660278587353875,0.24545,-0.01937674790251709,45.99,-0.007552870090634434,0.002597,-0.0080971659919028
2020-10-05 00:00:00,10792.21,0.011773165470256197,353.62,0.0035474075545591788,28.6158,-0.012117320518662766,0.2503,0.009518431878680289,46.34,-0.007496251874062887,0.0026181999999999998,-0.005620964679073359
2020-10-04 00:00:00,10666.63,0.011816476096702111,352.37,0.018557595028183327,28.9668,0.027676173514459057,0.24794000000000002,0.06535470287457579,46.69,0.02592836739178206,0.002633,0.014448083220959473
2020-10-03 00:00:00,10542.06,-0.0026810716718383976,345.95,0.0010127314814813992,28.1867,0.031086187534065557,0.23273000000000002,-0.004831950739758728,45.51,0.014037433155080103,0.0025954999999999997,0.002046174040614801
2020-10-02 00:00:00,10570.4,-0.004588888166921379,345.6,-0.020546974635114124,27.3369,-0.0047474633473257866,0.23385999999999998,-0.018178764851589202,44.88,-0.02962162162162152,0.0025901999999999995,-0.013106759125200207
2020-10-01 00:00:00,10619.13,-0.01461130097739649,352.85,-0.01939804907873155,27.4673,-0.06144756984309219,0.23819,-0.01456290596168952,46.25,0.00021626297577848064,0.0026246,-0.003946869070208803
2020-09-30 00:00:00,10776.59,-0.005893650465662037,359.83,0.00011117596375642691,29.2656,0.012839769368670817,0.24170999999999998,-0.004694255713403428,46.24,0.012037644998905694,0.002635,-0.014105586111422652
2020-09-29 00:00:00,10840.48,0.013496482836766965,359.79,0.01647078765962262,28.8946,0.0707454003075727,0.24285,0.007383747459244416,45.69,0.010170240990493129,0.0026726999999999996,0.008413824328403097
2020-09-28 00:00:00,10696.12,-0.007251548831705201,353.96,-0.00987440208117718,26.9855,0.02797988648051497,0.24106999999999998,-0.009328511547628926,45.23,-0.017806731813246435,0.0026504000000000002,-0.01669511018772718
2020-09-27 00:00:00,10774.25,0.004254982010700292,357.49,0.010087025316455778,26.250999999999998,0.001954213390941817,0.24334,0.007493893098165838,46.05,0.0004344992396263514,0.0026954,-0.0006673587423994265
2020-09-26 00:00:00,10728.6,0.003923579562202351,353.92,0.005683109797681274,26.1998,0.061047123811375226,0.24153000000000002,-4.1401010184571874e-05,46.03,0.00021729682746629564,0.0026972,-0.001591708310198059
2020-09-25 00:00:00,10686.67,-0.004624489583022862,351.92,0.00845344872052034,24.6924,0.004797656106940051,0.24154,0.037721257948100995,46.02,0.024487978628673135,0.0027015,0.027303494695212427
2020-09-24 00:00:00,10736.32,0.04831928260228535,348.97,0.08808306310800695,24.5745,0.07626647279607224,0.23276,0.05017144919689587,44.92,0.04562383612662946,0.0026296999999999996,0.033524603049834845
2020-09-23 00:00:00,10241.46,-0.027365685908595005,320.72,-0.06824322361349167,22.8331,-0.050472412129680455,0.22164,-0.048837009698738165,42.96,-0.03395547560152912,0.0025444,-0.037378934624697324
2020-09-22 00:00:00,10529.61,0.010788866895390603,344.21,0.011311552473851183,24.0468,0.03994256850262934,0.23301999999999998,0.008657259111765292,44.47,0.030352177942539527,0.0026432,0.017711381487756306
2020-09-21 00:00:00,10417.22,-0.04606658437329458,340.36,-0.08268650280293233,23.1232,-0.12132542939656477,0.23101999999999998,-0.06287522310563043,43.16,-0.083457209598641,0.0025971999999999996,-0.06336326589491159
2020-09-20 00:00:00,10920.28,-0.014472977668277487,371.04,-0.03688513951979233,26.316,-0.03262447846784422,0.24652,-0.018317935648295536,47.09,-0.029472382522671037,0.0027729,-0.006164653596645198
2020-09-19 00:00:00,11080.65,0.013468832631050365,385.25,0.002237311064283709,27.2035,-0.015400484997647457,0.25111999999999995,0.0018751246758426099,48.52,-0.00041203131437983487,0.0027901,0.00032267316793332945
2020-09-18 00:00:00,10933.39,-0.0006032912278713942,384.39,-0.012764536675570204,27.629,0.01970843329027505,0.25065,-0.005909415404140694,48.54,-0.006345957011258951,0.0027892,-0.006624403447539229
2020-09-17 00:00:00,10939.99,-0.001279896585816509,389.36,0.06641833967845301,27.095,-0.027790236638619237,0.25214000000000003,0.021388641335169822,48.85,0.022822445561138993,0.0028078000000000005,0.0008911702848182212
2020-09-16 00:00:00,10954.01,0.015641645905402957,365.11,0.002884139976926825,27.8695,0.027708430900394987,0.24686,0.014590440179195197,47.76,-0.01138480645829032,0.0028053,-0.007956715467854814
2020-09-15 00:00:00,10785.31,0.010639284767194113,364.06,-0.03463088672040726,27.1181,-0.13228466384874082,0.24331,-0.009485425826412652,48.31,-0.01568867155664211,0.0028278,0.015331585939463599
2020-09-14 00:00:00,10671.77,0.03280224294796308,377.12,0.02920146280224878,31.2523,0.0027819133916882066,0.24564,0.014286894045751009,49.08,0.019314641744548222,0.0027851,0.00075458138699247
2020-09-13 00:00:00,10332.83,-0.01035253598341912,366.42,-0.05508277889524982,31.1656,0.09333801087528504,0.24218,-0.021574014221072968,48.15,-0.05216535433070868,0.002783,-0.01105149070750866
2020-09-12 00:00:00,10440.92,0.005104982821342974,387.78,0.037871691245349615,28.505,0.12228827906610484,0.24752,0.020616856341745038,50.8,0.037581699346405095,0.0028141,0.00661754185148089
2020-09-11 00:00:00,10387.89,0.004935730061420784,373.63,0.015492077297311946,25.399,0.03462884284020884,0.24251999999999999,-0.002057443831783412,48.96,0.005958495993425128,0.0027956,-0.0043095772340349114
2020-09-10 00:00:00,10336.87,0.011514599968686312,367.93,0.04868177283739494,24.5489,0.0031587636280423492,0.24301999999999999,0.016777540688674097,48.67,0.01777498954412393,0.0028076999999999998,0.010327455919395545
2020-09-09 00:00:00,10219.2,0.009139251381256486,350.85,0.039894484128160324,24.4716,0.05101852368824544,0.23901,0.0103140719448791,47.82,0.0073730777333052,0.002779,0.011649071714597614
2020-09-08 00:00:00,10126.65,-0.02379056513557709,337.39,-0.04581577533301273,23.2837,0.037477832336716865,0.23656999999999997,-0.022357219604926204,47.47,-0.028050778050778158,0.002747,-0.024190970125395284
2020-09-07 00:00:00,10373.44,0.011431134338253823,353.59,0.0022392290249431124,22.4426,-0.03022210699161698,0.24198000000000003,0.008838489118652815,48.84,0.019198664440734703,0.0028151,0.010481352525216314
2020-09-06 00:00:00,10256.2,0.008804242088624736,352.8,0.05310289245097177,23.142,0.18861005249155105,0.23986,0.01044738394135969,47.92,0.0018816642274723794,0.0027859,0.007923299565846698
2020-09-05 00:00:00,10166.69,-0.02676175661122404,335.01,-0.1304313969786638,19.4698,-0.07159342336156249,0.23738,-0.06488083513886156,47.83,-0.04948330683624802,0.002764,-0.04017779629822549
2020-09-04 00:00:00,10446.25,0.03011581869369917,385.26,0.010120608285264954,20.9712,0.03006012024048088,0.25385,0.039985251341718264,50.32,0.06429780033840937,0.0028797,0.0399032211469017
2020-09-03 00:00:00,10140.85,-0.1095566244663495,381.4,-0.13219567690557454,20.3592,-0.17791093954419912,0.24409,-0.11545569849610426,47.28,-0.1856699965552876,0.0027692,-0.11132505375308877
2020-09-02 00:00:00,11388.54,-0.044743444246210906,439.5,-0.07551535549011357,24.7652,0.0025260294379585435,0.27595,-0.0652416923545951,58.06,-0.07385547934279779,0.0031160999999999997,-0.03856715312702497
2020-09-01 00:00:00,11921.97,0.023388108169356325,475.4,0.09592198990294842,24.7028,0.0671816206361755,0.29521,0.050008892050506626,62.69,0.029054497701904047,0.0032411000000000002,0.010538459140086776
2020-08-31 00:00:00,11649.51,-0.005264209523223928,433.79,0.01130694269594823,23.1477,-0.020028957528957503,0.28115,-0.006607306904105603,60.92,-0.03132453490221021,0.0032073,-0.027531002698523377
2020-08-30 00:00:00,11711.16,0.021395728529266078,428.94,0.07598143735105989,23.6208,0.029686396568409323,0.28302,0.03367421475529575,62.89,0.10391434088116558,0.0032981,0.007084185776664809
2020-08-29 00:00:00,11465.84,-0.005298037375150777,398.65,0.008959530257396597,22.9398,-0.006121891937559187,0.2738,0.007580775741517609,56.97,-0.007145346810735531,0.0032749000000000003,0.003431687961516161
2020-08-28 00:00:00,11526.91,0.017345402360732898,395.11,0.030892060427375023,23.0811,-0.0013672136963660542,0.27174,0.02663493142921891,57.38,0.022816399286987643,0.0032637,0.020001875175797768
2020-08-27 00:00:00,11330.38,-0.011434000818397072,383.27,-0.006583551489074968,23.1127,0.04111730233019073,0.26469000000000004,-0.042816330958666216,56.1,-0.03442340791738385,0.0031997,-0.02859831810316038
2020-08-26 00:00:00,11461.43,0.012635155790295949,385.81,0.0075209568328415966,22.1999,0.037950832702144055,0.27653,0.001013574660633454,58.1,-0.00411381556393553,0.0032939,0.0009724374753092846
2020-08-25 00:00:00,11318.42,-0.03658262542346913,382.93,-0.06070937990580849,21.3882,-0.053422614437515836,0.27625,-0.04212898751733696,58.34,-0.05933569816188322,0.0032906999999999997,-0.035437917692578313
2020-08-24 00:00:00,11748.2,0.008591078567976362,407.68,0.04343374881625772,22.5953,0.03384960307474105,0.2884,0.012640449438202195,62.02,0.024277456647398887,0.0034116,0.004741569724635575
2020-08-23 00:00:00,11648.13,-0.001271546845740712,390.71,-0.011461390547515493,21.8555,-0.01571310190773001,0.2848,-0.003917179630665957,60.55,0.005646902507888907,0.0033954999999999996,-0.01095220063499458
2020-08-22 00:00:00,11662.96,0.01141411145625737,395.24,0.018738562259968505,22.2044,0.004778540011222354,0.28592,0.023592166970966222,60.21,0.01706081081081079,0.0034330999999999997,0.016431785883467498
2020-08-21 00:00:00,11531.34,-0.027182573996819448,387.97,-0.06724527576092698,22.0988,-0.04287793215758284,0.27933,-0.04397973851735226,59.2,-0.057324840764331086,0.0033775999999999997,-0.018110991598593085
2020-08-20 00:00:00,11853.55,0.008418838938661244,415.94,0.020811858832768815,23.0888,0.03185094810981348,0.29218,0.00838654012079365,62.8,0.010946555054732743,0.0034399,0.005936366826529538
2020-08-19 00:00:00,11754.59,-0.015941384728853314,407.46,-0.034340561677923986,22.3761,-0.025876667900132766,0.28975,-0.04218042378764342,62.12,-0.05015290519877691,0.0034195999999999996,-0.016225546605293517
2020-08-18 00:00:00,11945.01,-0.02736881703882288,421.95,-0.020747754647357786,22.9705,-0.022369669860104358,0.30251,-0.040838327150512055,65.4,-0.027075275215709516,0.003476,-0.031134152799843884
2020-08-17 00:00:00,12281.13,0.031074636890269458,430.89,-0.006295835062958388,23.4961,-0.00139827446980334,0.31539,0.035593498604498564,67.22,0.05245028965085341,0.0035876999999999997,0.016288029006854998
2020-08-16 00:00:00,11911.0,0.004944146333232036,433.62,0.0030070318282753306,23.529,0.01909641763505876,0.30455,0.019107214562976926,63.87,0.06716791979949877,0.0035302,-0.0007359601449277164
2020-08-15 00:00:00,11852.4,0.007810865827589497,432.32,-0.013215859030836996,23.0881,-0.0007184685367046528,0.29884,-0.00370061676946154,59.85,0.05406833392039445,0.0035328000000000004,-0.011278721558310556
2020-08-14 00:00:00,11760.54,-0.0016519524617996106,438.11,0.0319640081028878,23.1047,0.061470043690591725,0.29995,0.019544527532290967,56.78,-0.00630031501575079,0.0035731,0.02448605097915557
2020-08-13 00:00:00,11780.0,0.0186495888650704,424.54,0.09649258742703659,21.7667,0.01278621248005063,0.2942,0.042042999327028596,57.14,0.048055759354365346,0.0034876999999999994,0.007831011963243206
2020-08-12 00:00:00,11564.33,0.015120153650606483,387.18,0.021583113456464353,21.4919,0.009473842425153478,0.28233,-0.00271988696573644,54.52,0.007763401109057266,0.0034606000000000003,0.020645313513832475
2020-08-11 00:00:00,11392.08,-0.04211245009635989,379.0,-0.041573942949625686,21.2902,-0.0594913614496686,0.2831,-0.03932946486137967,54.1,-0.07156341170413594,0.0033905999999999997,-0.029926756694895973
2020-08-10 00:00:00,11892.92,0.018083015456680895,395.44,0.013584866970830944,22.6369,0.009584336812059835,0.29469,0.023584577978464916,58.27,0.022998595505618002,0.0034952,0.00830833141010845
2020-08-09 00:00:00,11681.68,-0.006778949122596689,390.14,-0.01735385235372644,22.421999999999997,-0.021872846087404252,0.2879,-0.024960205913231892,56.96,-0.025658569962367483,0.0034664,-0.013377355268400892
2020-08-08 00:00:00,11761.41,0.014419241295023477,397.03,0.046633626825539176,22.9234,0.026468388835901413,0.29527,0.003057376770730702,58.46,0.02256428196606608,0.0035134,0.004977116704805384
2020-08-07 00:00:00,11594.23,-0.014302280305310222,379.34,-0.03908605010512456,22.3323,-0.018304342665734774,0.29436999999999997,-0.028834416548447872,57.17,-0.031509401998983555,0.003496,-0.01797752808988773
2020-08-06 00:00:00,11762.46,0.0014942643238644582,394.77,-0.014848273108404975,22.7487,-0.022519851500464094,0.30311,0.0027457985973269317,59.03,0.002547554347826164,0.0035600000000000002,0.016329793308210716
2020-08-05 00:00:00,11744.91,0.04940506452393989,400.72,0.028515695182361966,23.2728,0.04447576048613655,0.30228,0.0029862631893289304,58.88,0.022044783891685515,0.0035028,-0.012127023520785207
2020-08-04 00:00:00,11191.97,-0.0024813254413399433,389.61,0.00950925014250914,22.2818,0.010494140695860521,0.30138000000000004,-0.028307970079958555,57.61,-0.014876880984952101,0.0035458,0.04849488438109861
2020-08-03 00:00:00,11219.81,0.013409385485961378,385.94,0.036303098652059385,22.0504,0.050529304709906686,0.31016,0.07683227441585938,58.48,0.030121543068521994,0.0033818000000000003,0.015189721421710045
2020-08-02 00:00:00,11071.35,-0.06184302064964742,372.42,-0.03767441860465115,20.9898,-0.029005218163650648,0.28803,-0.009831895218123554,56.77,-0.0791565287915652,0.0033312,-0.10316605642903287
2020-08-01 00:00:00,11801.17,0.04108434946618855,387.0,0.1174313516010741,21.6168,0.046235752486508686,0.29089,0.12143876016808663,61.65,0.06055393084465854,0.0037143999999999996,0.152109181141439
2020-07-31 00:00:00,11335.46,0.021248494316466804,346.33,0.03422223549437087,20.6615,0.03462694041061609,0.25939,0.06272533595542451,58.13,0.024317180616740153,0.0032240000000000003,-0.0012700969610605073
2020-07-30 00:00:00,11099.61,-8.287892560088217e-05,334.87,0.054011519939567654,19.97,0.0035680184933915005,0.24408000000000002,0.0033296337402886067,56.75,0.02882523567802764,0.0032281,0.019518049458358222
2020-07-29 00:00:00,11100.53,0.017811772494170874,317.71,0.0029674527259526684,19.899,-0.01359229076200108,0.24327,0.056363715315471685,55.16,-0.010582959641255663,0.0031663,-0.0068067754077791864
2020-07-28 00:00:00,10906.27,-0.011214002589311156,316.77,-0.016028329139875175,20.1732,0.021562332256398475,0.23029000000000002,0.02638498908053677,55.75,0.04635885885885882,0.003188,0.00586861866599353
2020-07-27 00:00:00,11029.96,0.11059916186210783,321.93,0.03514469453376212,19.7474,0.009802768502277903,0.22436999999999999,0.042030466282741985,53.28,0.10769230769230775,0.0031694,-0.019459827367509175
2020-07-26 00:00:00,9931.54,0.023825772492325203,311.0,0.018803642796304754,19.5557,-0.01354405221900501,0.21531999999999998,0.0032148348320364395,48.1,-0.021562245728234286,0.0032323,-0.004680523479599685
2020-07-25 00:00:00,9700.42,0.01705005347145061,305.26,0.09353394232491508,19.8242,0.03330153815681802,0.21463000000000002,0.05252059631227923,49.16,0.1144865109952391,0.0032475,0.011272693301778158
2020-07-24 00:00:00,9537.8,-0.006817469466129933,279.15,0.013984743915728126,19.1853,0.023216000000000125,0.20392000000000002,-0.02201333269387551,44.11,-0.018469069870938992,0.0032113,-0.02679031427099443
2020-07-23 00:00:00,9603.27,0.00894185430797556,275.3,0.04383104572685226,18.75,0.036484245439469376,0.20851,0.02471987418910948,44.94,-0.0004448398576513135,0.0032997,0.003924790069368189
2020-07-22 00:00:00,9518.16,0.013648562300319522,263.74,0.07390366057249897,18.09,0.020390896014891302,0.20348,0.020001002556519154,44.96,0.027187571395933308,0.0032868000000000003,-0.003365778222505056
2020-07-21 00:00:00,9390.0,0.02502188678256645,245.59,0.04059150036015424,17.7285,0.015116378940135622,0.19949,0.02486514256357575,43.77,0.04363376251788287,0.0032979,0.024160740349678633
2020-07-20 00:00:00,9160.78,-0.005235101786406404,236.01,-0.012964744259964078,17.4645,-0.030579393185829806,0.19465,-0.024604129083984794,41.94,-0.016416510318949418,0.0032201,-0.04761763922983653
2020-07-19 00:00:00,9208.99,0.00422124515281963,239.11,0.014596681800823186,18.0154,0.05041776720483715,0.19956,-0.0017008504252126189,42.64,0.004475853945818509,0.0033811,-0.019686865758190786
2020-07-18 00:00:00,9170.28,0.0017434391631492296,235.67,0.012893798083122077,17.1507,0.004868874358433528,0.1999,0.02829218106995879,42.45,0.013126491646778149,0.0034490000000000002,0.1297824947589099
2020-07-17 00:00:00,9154.32,0.0022553789693575688,232.67,-0.003853234576358333,17.0676,-0.005656958758382125,0.1944,-0.0002057189878625909,41.9,-0.004514136374435873,0.0030528,0.02415458937198056
2020-07-16 00:00:00,9133.72,-0.006945290075672017,233.57,-0.02112233351494075,17.1647,-0.026674076132259028,0.19444,-0.014045940875209162,42.09,-0.028617585968151227,0.0029808000000000005,-0.03433976934041716
2020-07-15 00:00:00,9197.6,-0.006293317199392856,238.61,-0.007611046414905953,17.6351,-0.02455334918966756,0.19721,-0.009442965492993172,43.33,-0.012534184138559779,0.0030868000000000002,-0.06142057893456587
2020-07-14 00:00:00,9255.85,0.0014314123051688554,240.44,0.003924843423799507,18.079,-0.017691229366571304,0.19909000000000002,0.002114058488951631,43.88,-0.0009107468123861207,0.0032888000000000006,0.03822963033115534
2020-07-13 00:00:00,9242.62,-0.006463680094595636,239.5,-0.01355080522262031,18.4046,0.005748822365760686,0.19867,-0.01296701112877574,43.92,-0.01744966442953022,0.0031677,-0.12874745585565772
2020-07-12 00:00:00,9302.75,0.007442037766825393,242.79,0.015050796437978242,18.2994,0.038528986124116704,0.20128,0.0008950770760813853,44.7,0.00022376370552712466,0.0036358000000000002,-0.04424173917615182
2020-07-11 00:00:00,9234.03,-0.00584711584631914,239.19,-0.00857995523501609,17.6205,0.01780237172414978,0.2011,0.010095936511125503,44.69,0.00880361173814892,0.0038040999999999995,0.07725200351145456
2020-07-10 00:00:00,9288.34,0.006055827122436908,241.26,-0.0029754525167369206,17.3123,0.02881609755517789,0.19909000000000002,-0.017470266002072687,44.3,-0.0006767426122264997,0.0035313000000000002,-0.18283426667283742
2020-07-09 00:00:00,9232.43,-0.021579981475319032,241.98,-0.02012553148410612,16.8274,-0.026299191639808095,0.20263,-0.014013916597732434,44.33,-0.022491730981257008,0.0043213999999999995,-0.09322869672870726
2020-07-08 00:00:00,9436.06,0.019300256335749166,246.95,0.03158026651071477,17.2819,0.028390697895839256,0.20551,0.1103846985087531,45.35,0.045171698548052586,0.0047656999999999995,0.5196747448979591
2020-07-07 00:00:00,9257.39,-0.009290254917489027,239.39,-0.00914735099337749,16.8048,0.03027404818833923,0.18508,-0.01944370860927158,43.39,-0.015206536541080395,0.003136,0.19726644523345915
2020-07-06 00:00:00,9344.2,0.03029855304810347,241.6,0.06169801371066974,16.311,0.053103915808503155,0.18875,0.06668550437976828,44.06,0.05964405964405972,0.0026193,0.13739198402014852
2020-07-05 00:00:00,9069.41,-0.007230068327155892,227.56,-0.007025352358511094,15.4885,-0.0042623498855658415,0.17695,-0.006345462713387207,41.58,-0.012586084065542624,0.0023029,0.0007387450026075104
2020-07-04 00:00:00,9135.46,0.00852260809471117,229.17,0.0191221594699158,15.5548,0.017564747519020374,0.17808,0.010669693530079405,42.11,0.023578026251823037,0.0023011999999999998,-0.005488569082501393
2020-07-03 00:00:00,9058.26,-0.0031122957693467956,224.87,-0.007021107480349786,15.2863,-0.005018420401733947,0.1762,0.008182182296732732,41.14,0.0021924482338613327,0.0023139,-0.0034883720930232176
2020-07-02 00:00:00,9086.54,-0.01575606585788547,226.46,-0.01961123858175684,15.3634,-0.02851831242411973,0.17477,-0.009633365444551512,41.05,-0.017237251615992433,0.002322,0.0007326638796705254
2020-07-01 00:00:00,9232.0,0.010225911112813346,230.99,0.023891843971631355,15.8144,0.02799048349562505,0.17647000000000002,0.006502024753322511,41.77,0.014573718727228568,0.0023203000000000004,0.0007763640284670359
2020-06-30 00:00:00,9138.55,-0.005875403587248806,225.6,-0.010222436713026029,15.3838,-0.005289157872956696,0.17532999999999999,-0.010887961186957118,41.17,-0.016718414139001547,0.0023185,0.0046799844000520174
2020-06-29 00:00:00,9192.56,0.008359705364537229,227.93,0.013337482772417975,15.4656,0.005683369965275631,0.17726,0.001865144407392716,41.87,0.012086052695189808,0.0023076999999999998,-0.002808746002938345
2020-06-28 00:00:00,9116.35,0.011579005770084416,224.93,0.018059201593192853,15.3782,0.016794276722074564,0.17693,0.010508881146838789,41.37,0.007549926936190721,0.0023141999999999998,0.004209155999131964
2020-06-27 00:00:00,9012.0,-0.01639451617022525,220.94,-0.03788538582128542,15.1242,-0.040914682866817986,0.17509,-0.04055016713244575,41.06,-0.04711069853794381,0.0023045,-0.023227228415207968
2020-06-26 00:00:00,9162.21,-0.009436195941614156,229.64,-0.012301075268817296,15.7694,-0.008587954231107697,0.18249,0.005122273628552554,43.09,0.017473435655253944,0.0023593000000000004,-0.020264939163655793
2020-06-25 00:00:00,9249.49,-0.005055671549154539,232.5,-0.00886691107511306,15.905999999999999,-0.005676135227045465,0.18156,-0.01046435578809679,42.35,-0.007033997655334079,0.0024081,-0.004629438267267472
2020-06-24 00:00:00,9296.49,-0.03411987046085718,234.58,-0.035206054125195285,15.9968,-0.023978327984478187,0.18348,-0.028641007994070655,42.65,-0.03463105477591677,0.0024193,-0.019970833670906574
2020-06-23 00:00:00,9624.89,-0.006277301875240782,243.14,4.113025953200733e-05,16.3898,-0.006985719565467452,0.18889,-0.002060439560439553,44.18,-0.0027088036117380865,0.0024686,-0.0018195786664508828
2020-06-22 00:00:00,9685.69,0.04206702966962861,243.13,0.06617260129801794,16.5051,0.03302143639493038,0.18928,0.017524997312116986,44.3,0.03023255813953485,0.0024730999999999998,0.017946079440213758
2020-06-21 00:00:00,9294.69,-0.006866154857115392,228.04,-0.0037135742059504206,15.9775,-0.0050750358054674205,0.18602,-0.01011068539804183,43.0,-0.013082396144135866,0.0024295000000000002,-0.005078013022646211
2020-06-20 00:00:00,9358.95,0.005232953428647935,228.89,-0.0004803493449782037,16.059,0.006758112242339243,0.18792,0.0037389167823951297,43.57,0.015854511541151695,0.0024419,0.0008197057256444928
2020-06-19 00:00:00,9310.23,-0.008106478364257819,229.0,-0.009815367319583213,15.9512,-0.012969654967575739,0.18722,-0.013333333333333308,42.89,-0.012433801519686871,0.0024399,-0.0071617497456765156
2020-06-18 00:00:00,9386.32,-0.00832739927777082,231.27,-0.010905824993584723,16.1608,-0.014483208625284405,0.18975,-0.017602899301061292,43.43,-0.014522350805536655,0.0024575,-0.009312263162138179
2020-06-17 00:00:00,9465.14,-0.006346063603409391,233.82,-0.006289842753931185,16.3983,-0.0021055321945609995,0.19315,0.004002495061856681,44.07,0.004329990884229584,0.0024806,-0.001971434319050447
2020-06-16 00:00:00,9525.59,0.010563313041983768,235.3,0.019232435242138024,16.4329,0.0034133235635342984,0.19238,0.0,43.88,0.0034301394923395012,0.0024855,0.004526532756739199
2020-06-15 00:00:00,9426.02,0.008982990976333038,230.86,-0.003926306251887612,16.377,-0.011820502145068246,0.19238,0.011355272841972353,43.73,-0.007264472190692373,0.0024743,-0.009170270703187433
2020-06-14 00:00:00,9342.1,-0.013853614459103047,231.77,-0.02662634916635165,16.5729,-0.014110564482067156,0.19022,-0.011022148279089206,44.05,-0.022848269742679728,0.0024971999999999998,-0.010657263975278441
2020-06-13 00:00:00,9473.34,0.0008673943199934975,238.11,0.0023573984424332117,16.8101,0.010362009171940745,0.19234,-0.0037810120681617265,45.08,0.00805008944543828,0.0025241,0.009640000000000093
2020-06-12 00:00:00,9465.13,0.019905392008965128,237.55,0.03054097436119907,16.6377,0.025132780440917157,0.19307,0.026040282723069463,44.72,0.03470615455807491,0.0025,0.02195151861995659
2020-06-11 00:00:00,9280.4,-0.061163378856853856,230.51,-0.06969892646702724,16.2298,-0.0675743996323106,0.18817,-0.07149906246916005,43.22,-0.07312888698262932,0.0024463,-0.05038624277007875
2020-06-10 00:00:00,9885.0,0.011519141093873309,247.78,0.016324856439704716,17.406,0.0018821985460446555,0.20265999999999998,0.006906145973070821,46.63,0.01656856333115342,0.0025761,0.006839677948878409
2020-06-09 00:00:00,9772.43,-0.0009793488250369187,243.8,-0.010551948051948035,17.3733,-0.004332651341918292,0.20127,-0.013527422437876746,45.87,-0.012061167348697,0.0025586,-0.007756146746296433
2020-06-08 00:00:00,9782.01,0.0035929040657680655,246.4,0.0075237160614982646,17.4489,0.00203290550434998,0.20403,0.003640120025579119,46.43,-0.004289084280506228,0.0025786,-0.007734636549043716
2020-06-07 00:00:00,9746.99,0.00834755801082121,244.56,0.0108291311895512,17.4135,-0.007839964446673009,0.20329,-0.00157163204164823,46.63,-0.0034195340884803915,0.0025987,0.0023528504204273215
2020-06-06 00:00:00,9666.3,0.004691741952113748,241.94,0.007957338666000124,17.5511,-0.007930406864352202,0.20360999999999999,0.004291210417283198,46.79,-0.0008541533205209673,0.0025926,0.0007333925193964141
2020-06-05 00:00:00,9621.16,-0.01715180007069117,240.03,-0.013075120266436424,17.6914,0.009956042701375845,0.20274,-0.007490086650022043,46.83,-0.012650221378874171,0.0025906999999999996,-0.012314144109798031
2020-06-04 00:00:00,9789.06,0.01270607806137658,243.21,-0.0053574349746442484,17.517,-0.003464577679927694,0.20427,0.0008329250367467012,47.43,0.005725190839694694,0.002623,0.014033324312830997
2020-06-03 00:00:00,9666.24,0.015570432568049686,244.52,0.02864835303521107,17.5779,0.018011339615101818,0.2041,0.005369193635781588,47.16,0.02544031311154593,0.0025867,0.007831372243434886
2020-06-02 00:00:00,9518.04,-0.06692926122243703,237.71,-0.04238005075937634,17.2669,-0.03793243702535709,0.20301,-0.03786729857819915,45.99,-0.046839378238341944,0.0025666,-0.029714199304400335
2020-06-01 00:00:00,10200.77,0.07964420999823241,248.23,0.07194368873342838,17.9477,0.05008893257506619,0.21100000000000002,0.04223265003704624,48.25,0.05788204341153258,0.0026452,0.03332161412555168
2020-05-31 00:00:00,9448.27,-0.025722540968392438,231.57,-0.04961832061068705,17.0916,-0.03588169926160745,0.20245,-0.02202792135645626,45.61,-0.04421626152556579,0.0025599,-0.02219251336898398
2020-05-30 00:00:00,9697.72,0.02870987486037535,243.66,0.10418271627316811,17.7277,0.042615758302897655,0.20701,0.047674477453312436,47.72,0.07308297728805946,0.002618,0.03465992174840937
2020-05-29 00:00:00,9427.07,-0.015541114194085326,220.67,0.0020889151264700256,17.0031,-0.0043391188251001855,0.19759000000000002,-0.014612008777179275,44.47,-0.0067009157918249684,0.0025303,0.002893380895758968
2020-05-28 00:00:00,9575.89,0.04039734595673439,220.21,0.05722790340390804,17.0772,0.03686703096539179,0.20052,0.013187812642110108,44.77,0.02098061573546195,0.002523,0.009280742459396807
2020-05-27 00:00:00,9204.07,0.04104542606303685,208.29,0.03683607944646328,16.47,0.01566980556120834,0.19791,0.021629155482139062,43.85,0.03737875561864201,0.0024998,0.008756708768814736
2020-05-26 00:00:00,8841.18,-0.006648053166448564,200.89,-0.01596865050208185,16.2159,-0.010060620120019292,0.19372,-0.01274080114157583,42.27,-0.016290435187339858,0.0024781,-0.021442110251145174
2020-05-25 00:00:00,8900.35,0.020642543754027853,204.15,0.02126063031515768,16.3807,0.026205332531448855,0.19622,0.01900706273369357,42.97,0.02115019011406849,0.0025324,0.035280650831936766
2020-05-24 00:00:00,8720.34,-0.04998393097400078,199.9,-0.03242981606969986,15.9624,-0.03140776699029124,0.19255999999999998,-0.03153447668862863,42.08,-0.04036488027366025,0.0024460999999999997,-0.03205255035416099
2020-05-23 00:00:00,9179.15,0.000997818974918241,206.6,-0.0036651234567902646,16.48,-0.006414894130130744,0.19883,-0.00753718678246984,43.85,-0.00859145376441317,0.0025271,0.003813306852035625
2020-05-22 00:00:00,9170.0,0.011175864103256883,207.36,0.04337325148435145,16.5864,0.03092834767042918,0.20034000000000002,0.0308737264587835,44.23,0.03510414228879011,0.0025175,0.0161863243723257
2020-05-21 00:00:00,9068.65,-0.04655241115163555,198.74,-0.05352890751500139,16.0888,-0.047988733594480415,0.19434,-0.03691956984984379,42.73,-0.034350282485875794,0.0024774000000000003,-0.009119270458363138
2020-05-20 00:00:00,9511.43,-0.027016437983413688,209.98,-0.0214372262093393,16.8998,-0.018012992597241206,0.20179,-0.0154664324746292,44.25,-0.03236387491799686,0.0025001999999999997,-0.019029309059520494
2020-05-19 00:00:00,9775.53,0.00427371061842452,214.58,-0.0015355264994648676,17.2098,0.03487092526112612,0.20496,-0.002287883950737646,45.73,0.009046778464254057,0.0025486999999999997,0.0042554868198114715
2020-05-18 00:00:00,9733.93,0.005567125755678637,214.91,0.03821256038647336,16.6299,0.020495952969765474,0.20543000000000003,0.02046594804033597,45.32,0.036833676504232526,0.0025379,0.0018949113734159084
2020-05-17 00:00:00,9680.04,0.031847500391738004,207.0,0.032676477924669545,16.2959,0.014815045460206733,0.20131,0.008112574490460212,43.71,0.010635838150289123,0.0025331,0.009283608255637787
2020-05-16 00:00:00,9381.27,0.006960828300999866,200.45,0.02868726265010757,16.058,0.02135833407538379,0.19969,0.00761933595721076,43.25,0.011932615816565129,0.0025098000000000004,0.008437801350048346
2020-05-15 00:00:00,9316.42,-0.048566275666412695,194.86,-0.04146785380490914,15.7222,-0.04002393498476586,0.19818,-0.02786225841263612,42.74,-0.028194633924511048,0.0024888,-0.03583465695579746
2020-05-14 00:00:00,9791.98,0.051841316866769516,203.29,0.018589036977652906,16.3777,0.009946720603833281,0.20385999999999999,0.010358328790206484,43.98,0.018527095877721056,0.0025813000000000003,0.022499504852446117
2020-05-13 00:00:00,9309.37,0.0565874342709336,199.58,0.05174957841483985,16.2164,0.027056468978795767,0.20177,0.023641621429658644,43.18,0.02370791844476061,0.0025245000000000003,0.02596927578639363
2020-05-12 00:00:00,8810.79,0.029115157121632596,189.76,0.02169816400150748,15.7892,0.046952808482139785,0.19710999999999998,0.023735327724109023,42.18,0.016140688990604612,0.0024606,0.019937823834196733
2020-05-11 00:00:00,8561.52,-0.018486100172307673,185.73,-0.009651274394795739,15.0811,-0.017556317016924505,0.19254000000000002,-0.02273880824281793,41.51,-0.013076557299096625,0.0024125,-0.01938866758800073
2020-05-10 00:00:00,8722.77,-0.0856060129567896,187.54,-0.10724996429761513,15.3506,-0.0849175265721217,0.19702,-0.08964051381572857,42.06,-0.1041533546325879,0.0024601999999999996,-0.056490891658677045
2020-05-09 00:00:00,9539.4,-0.02659283000731638,210.07,-0.005868155790071494,16.7751,-0.02112376072964517,0.21641999999999997,-0.010198948090555882,46.95,-0.015516879849024834,0.0026075,0.0008828496852448797
2020-05-08 00:00:00,9800.01,-0.018664383561643794,211.31,-0.003254716981132111,17.1371,0.008046916819115069,0.21865,0.0001372244076480733,47.69,0.006755330377876234,0.0026052,-0.02159462200022544
2020-05-07 00:00:00,9986.4,0.09225499074693855,212.0,0.0654872593858371,17.0003,0.03823064192057046,0.21861999999999998,0.03327346630116246,47.37,0.05407209612817088,0.0026627,0.07362606346518286
2020-05-06 00:00:00,9142.92,0.013421888907239499,198.97,-0.03078571776511274,16.3743,-0.030452494582144052,0.21158000000000002,-0.02443747694577647,44.94,-0.034379028792436594,0.0024801,0.002546689303904781
2020-05-05 00:00:00,9021.83,0.016892546855486357,205.29,-0.00576327005036803,16.8886,-0.006985194679962836,0.21688000000000002,-0.004041146216017477,46.54,-0.008943781942078455,0.0024738000000000004,0.005405405405405572
2020-05-04 00:00:00,8871.96,-0.0024960198602229644,206.48,-0.01610597541217962,17.0074,-0.005827989548199186,0.21775999999999998,-0.007293946024799491,46.96,-0.022684703433922926,0.0024605,-0.015839366425342893
2020-05-03 00:00:00,8894.16,-0.008681405030065537,209.86,-0.018887330528284174,17.1071,-0.024308031003861252,0.21936,-0.01935714605033756,48.05,-0.023373983739837567,0.0025001,-0.016483084185680563
2020-05-02 00:00:00,8972.05,0.016437142572301333,213.9,0.008867088010565016,17.5333,0.003853200503836307,0.22369,0.026760304782888156,49.2,0.04525175270873172,0.002542,0.02711220655380009
2020-05-01 00:00:00,8826.96,0.024009280742459227,212.02,0.028823757763975166,17.465999999999998,0.030187210248787677,0.21786,0.030801987224982286,47.07,0.015972372113101763,0.0024749000000000004,0.01722153719687647
2020-04-30 00:00:00,8620.0,-0.018063306438292348,206.08,-0.043090638930163405,16.9542,-0.023752353642315538,0.21135,-0.0668050158954433,46.33,-0.05080926039745959,0.002433,-0.023362235067437398
2020-04-29 00:00:00,8778.57,0.13433165610971987,215.36,0.09743171626579694,17.3667,0.0628335373317015,0.22648000000000001,0.057527082555099085,48.81,0.06828627708470125,0.0024912,0.07056295659647605
2020-04-28 00:00:00,7738.98,-0.004584146877918194,196.24,-0.0005093205663644351,16.34,-0.005047829555072436,0.21416,0.08451916746847621,45.69,0.027665317139001333,0.002327,-0.007929740791268625
2020-04-27 00:00:00,7774.62,0.010596508559618245,196.34,-0.0052690242172458435,16.4229,0.00391838032129499,0.19747,0.006575593842389704,44.46,-0.0013477088948787852,0.0023455999999999998,-0.025751786010965505
2020-04-26 00:00:00,7693.1,0.020485045770673116,197.38,0.016322537459451114,16.3588,0.008041507736484821,0.19618,0.010299721907508497,44.52,0.003154574132492094,0.0024076,0.13325488350200043
2020-04-25 00:00:00,7538.67,0.004486342438374535,194.21,0.035289727597419995,16.2283,0.018604184058398587,0.19418,0.0048124191461835775,44.38,-0.0033685156074556577,0.0021245,0.019825268817204478
2020-04-24 00:00:00,7505.0,0.0030217617632868343,187.59,0.011212333566923638,15.9319,-0.006367718597979355,0.19325,0.003374870197300206,44.53,0.03606328524895308,0.0020832,0.015600624024961096
2020-04-23 00:00:00,7482.39,,185.51,,16.034000000000002,,0.1926,,42.98,,0.0020511999999999996,
